{
	"BUILD_DIR" : "/home/vboxuser/Documents/M2SIA/Projet/image-library/UI_v9/Connection/Connection_autogen",
	"CMAKE_BINARY_DIR" : "/home/vboxuser/Documents/M2SIA/Projet/image-library/UI_v9/Connection",
	"CMAKE_CURRENT_BINARY_DIR" : "/home/vboxuser/Documents/M2SIA/Projet/image-library/UI_v9/Connection",
	"CMAKE_CURRENT_SOURCE_DIR" : "/home/vboxuser/Documents/M2SIA/Projet/image-library/UI_v9/Connection",
	"CMAKE_EXECUTABLE" : "/usr/bin/cmake",
	"CMAKE_LIST_FILES" : 
	[
		"/home/vboxuser/Documents/M2SIA/Projet/image-library/UI_v9/Connection/CMakeLists.txt",
		"/home/vboxuser/Documents/M2SIA/Projet/image-library/UI_v9/Connection/CMakeFiles/3.22.1/CMakeSystem.cmake",
		"/usr/share/cmake-3.22/Modules/CMakeSystemSpecificInitialize.cmake",
		"/home/vboxuser/Documents/M2SIA/Projet/image-library/UI_v9/Connection/CMakeFiles/3.22.1/CMakeCXXCompiler.cmake",
		"/usr/share/cmake-3.22/Modules/CMakeSystemSpecificInformation.cmake",
		"/usr/share/cmake-3.22/Modules/CMakeGenericSystem.cmake",
		"/usr/share/cmake-3.22/Modules/CMakeInitializeConfigs.cmake",
		"/usr/share/cmake-3.22/Modules/Platform/Linux.cmake",
		"/usr/share/cmake-3.22/Modules/Platform/UnixPaths.cmake",
		"/usr/share/cmake-3.22/Modules/CMakeCXXInformation.cmake",
		"/usr/share/cmake-3.22/Modules/CMakeLanguageInformation.cmake",
		"/usr/share/cmake-3.22/Modules/Compiler/GNU-CXX.cmake",
		"/usr/share/cmake-3.22/Modules/Compiler/GNU.cmake",
		"/usr/share/cmake-3.22/Modules/Compiler/CMakeCommonCompilerMacros.cmake",
		"/usr/share/cmake-3.22/Modules/Platform/Linux-GNU-CXX.cmake",
		"/usr/share/cmake-3.22/Modules/Platform/Linux-GNU.cmake",
		"/usr/share/cmake-3.22/Modules/CMakeCommonLanguageInclude.cmake",
		"/usr/lib/x86_64-linux-gnu/cmake/Qt5/Qt5ConfigVersion.cmake",
		"/usr/lib/x86_64-linux-gnu/cmake/Qt5/Qt5Config.cmake",
		"/usr/lib/x86_64-linux-gnu/cmake/Qt5/Qt5ConfigVersion.cmake",
		"/usr/lib/x86_64-linux-gnu/cmake/Qt5/Qt5Config.cmake",
		"/usr/lib/x86_64-linux-gnu/cmake/Qt5/Qt5ModuleLocation.cmake",
		"/usr/lib/x86_64-linux-gnu/cmake/Qt5Widgets/Qt5WidgetsConfigVersion.cmake",
		"/usr/lib/x86_64-linux-gnu/cmake/Qt5Widgets/Qt5WidgetsConfig.cmake",
		"/usr/lib/x86_64-linux-gnu/cmake/Qt5Gui/Qt5GuiConfigVersion.cmake",
		"/usr/lib/x86_64-linux-gnu/cmake/Qt5Gui/Qt5GuiConfig.cmake",
		"/usr/lib/x86_64-linux-gnu/cmake/Qt5Core/Qt5CoreConfigVersion.cmake",
		"/usr/lib/x86_64-linux-gnu/cmake/Qt5Core/Qt5CoreConfig.cmake",
		"/usr/lib/x86_64-linux-gnu/cmake/Qt5Core/Qt5CoreConfigExtras.cmake",
		"/usr/lib/x86_64-linux-gnu/cmake/Qt5Core/Qt5CoreConfigExtrasMkspecDir.cmake",
		"/usr/lib/x86_64-linux-gnu/cmake/Qt5Core/Qt5CoreMacros.cmake",
		"/usr/share/cmake-3.22/Modules/CMakeParseArguments.cmake",
		"/usr/lib/x86_64-linux-gnu/cmake/Qt5Gui/Qt5Gui_QComposePlatformInputContextPlugin.cmake",
		"/usr/lib/x86_64-linux-gnu/cmake/Qt5Gui/Qt5Gui_QEglFSEmulatorIntegrationPlugin.cmake",
		"/usr/lib/x86_64-linux-gnu/cmake/Qt5Gui/Qt5Gui_QEglFSIntegrationPlugin.cmake",
		"/usr/lib/x86_64-linux-gnu/cmake/Qt5Gui/Qt5Gui_QEglFSKmsEglDeviceIntegrationPlugin.cmake",
		"/usr/lib/x86_64-linux-gnu/cmake/Qt5Gui/Qt5Gui_QEglFSKmsGbmIntegrationPlugin.cmake",
		"/usr/lib/x86_64-linux-gnu/cmake/Qt5Gui/Qt5Gui_QEglFSX11IntegrationPlugin.cmake",
		"/usr/lib/x86_64-linux-gnu/cmake/Qt5Gui/Qt5Gui_QEvdevKeyboardPlugin.cmake",
		"/usr/lib/x86_64-linux-gnu/cmake/Qt5Gui/Qt5Gui_QEvdevMousePlugin.cmake",
		"/usr/lib/x86_64-linux-gnu/cmake/Qt5Gui/Qt5Gui_QEvdevTabletPlugin.cmake",
		"/usr/lib/x86_64-linux-gnu/cmake/Qt5Gui/Qt5Gui_QEvdevTouchScreenPlugin.cmake",
		"/usr/lib/x86_64-linux-gnu/cmake/Qt5Gui/Qt5Gui_QGifPlugin.cmake",
		"/usr/lib/x86_64-linux-gnu/cmake/Qt5Gui/Qt5Gui_QICOPlugin.cmake",
		"/usr/lib/x86_64-linux-gnu/cmake/Qt5Gui/Qt5Gui_QIbusPlatformInputContextPlugin.cmake",
		"/usr/lib/x86_64-linux-gnu/cmake/Qt5Gui/Qt5Gui_QJpegPlugin.cmake",
		"/usr/lib/x86_64-linux-gnu/cmake/Qt5Gui/Qt5Gui_QLibInputPlugin.cmake",
		"/usr/lib/x86_64-linux-gnu/cmake/Qt5Gui/Qt5Gui_QLinuxFbIntegrationPlugin.cmake",
		"/usr/lib/x86_64-linux-gnu/cmake/Qt5Gui/Qt5Gui_QMinimalEglIntegrationPlugin.cmake",
		"/usr/lib/x86_64-linux-gnu/cmake/Qt5Gui/Qt5Gui_QMinimalIntegrationPlugin.cmake",
		"/usr/lib/x86_64-linux-gnu/cmake/Qt5Gui/Qt5Gui_QOffscreenIntegrationPlugin.cmake",
		"/usr/lib/x86_64-linux-gnu/cmake/Qt5Gui/Qt5Gui_QTuioTouchPlugin.cmake",
		"/usr/lib/x86_64-linux-gnu/cmake/Qt5Gui/Qt5Gui_QVncIntegrationPlugin.cmake",
		"/usr/lib/x86_64-linux-gnu/cmake/Qt5Gui/Qt5Gui_QXcbEglIntegrationPlugin.cmake",
		"/usr/lib/x86_64-linux-gnu/cmake/Qt5Gui/Qt5Gui_QXcbGlxIntegrationPlugin.cmake",
		"/usr/lib/x86_64-linux-gnu/cmake/Qt5Gui/Qt5Gui_QXcbIntegrationPlugin.cmake",
		"/usr/lib/x86_64-linux-gnu/cmake/Qt5Gui/Qt5GuiConfigExtras.cmake",
		"/usr/lib/x86_64-linux-gnu/cmake/Qt5Widgets/Qt5WidgetsConfigExtras.cmake",
		"/usr/lib/x86_64-linux-gnu/cmake/Qt5Widgets/Qt5WidgetsMacros.cmake",
		"/usr/share/cmake-3.22/Modules/CMakeParseArguments.cmake",
		"/usr/local/lib/cmake/opencv4/OpenCVConfig-version.cmake",
		"/usr/local/lib/cmake/opencv4/OpenCVConfig.cmake",
		"/usr/share/cmake-3.22/Modules/FindPackageHandleStandardArgs.cmake",
		"/usr/share/cmake-3.22/Modules/FindPackageMessage.cmake",
		"/usr/local/lib/cmake/opencv4/OpenCVModules.cmake",
		"/usr/local/lib/cmake/opencv4/OpenCVModules-release.cmake",
		"/usr/share/cmake-3.22/Modules/FindBoost.cmake",
		"/usr/share/cmake-3.22/Modules/FindPackageHandleStandardArgs.cmake",
		"/usr/share/cmake-3.22/Modules/FindPackageMessage.cmake",
		"/usr/lib/x86_64-linux-gnu/cmake/Boost-1.74.0/BoostConfigVersion.cmake",
		"/usr/lib/x86_64-linux-gnu/cmake/Boost-1.74.0/BoostConfig.cmake",
		"/usr/lib/x86_64-linux-gnu/cmake/boost_headers-1.74.0/boost_headers-config-version.cmake",
		"/usr/lib/x86_64-linux-gnu/cmake/boost_headers-1.74.0/boost_headers-config.cmake",
		"/usr/lib/x86_64-linux-gnu/cmake/boost_filesystem-1.74.0/boost_filesystem-config-version.cmake",
		"/usr/lib/x86_64-linux-gnu/cmake/boost_filesystem-1.74.0/boost_filesystem-config.cmake",
		"/usr/lib/x86_64-linux-gnu/cmake/BoostDetectToolset-1.74.0.cmake",
		"/usr/lib/x86_64-linux-gnu/cmake/boost_filesystem-1.74.0/libboost_filesystem-variant-shared.cmake",
		"/usr/lib/x86_64-linux-gnu/cmake/boost_filesystem-1.74.0/libboost_filesystem-variant-static.cmake",
		"/usr/lib/x86_64-linux-gnu/cmake/boost_headers-1.74.0/boost_headers-config-version.cmake",
		"/usr/lib/x86_64-linux-gnu/cmake/boost_headers-1.74.0/boost_headers-config.cmake"
	],
	"CMAKE_SOURCE_DIR" : "/home/vboxuser/Documents/M2SIA/Projet/image-library/UI_v9/Connection",
	"DEP_FILE" : "",
	"DEP_FILE_RULE_NAME" : "",
	"HEADERS" : 
	[
		[
			"/home/vboxuser/Documents/M2SIA/Projet/image-library/UI_v9/Connection/data.h",
			"MU",
			"EWIEGA46WW/moc_data.cpp",
			null
		],
		[
			"/home/vboxuser/Documents/M2SIA/Projet/image-library/UI_v9/Connection/descripteur.h",
			"MU",
			"EWIEGA46WW/moc_descripteur.cpp",
			null
		],
		[
			"/home/vboxuser/Documents/M2SIA/Projet/image-library/UI_v9/Connection/descripteur_view.h",
			"MU",
			"EWIEGA46WW/moc_descripteur_view.cpp",
			null
		],
		[
			"/home/vboxuser/Documents/M2SIA/Projet/image-library/UI_v9/Connection/formmodification.h",
			"MU",
			"EWIEGA46WW/moc_formmodification.cpp",
			null
		],
		[
			"/home/vboxuser/Documents/M2SIA/Projet/image-library/UI_v9/Connection/image.h",
			"MU",
			"EWIEGA46WW/moc_image.cpp",
			null
		],
		[
			"/home/vboxuser/Documents/M2SIA/Projet/image-library/UI_v9/Connection/imageeditor.h",
			"MU",
			"EWIEGA46WW/moc_imageeditor.cpp",
			null
		],
		[
			"/home/vboxuser/Documents/M2SIA/Projet/image-library/UI_v9/Connection/include.h",
			"MU",
			"EWIEGA46WW/moc_include.cpp",
			null
		],
		[
			"/home/vboxuser/Documents/M2SIA/Projet/image-library/UI_v9/Connection/login.h",
			"MU",
			"EWIEGA46WW/moc_login.cpp",
			null
		],
		[
			"/home/vboxuser/Documents/M2SIA/Projet/image-library/UI_v9/Connection/mainwindow.h",
			"MU",
			"EWIEGA46WW/moc_mainwindow.cpp",
			null
		],
		[
			"/home/vboxuser/Documents/M2SIA/Projet/image-library/UI_v9/Connection/uploadimage.h",
			"MU",
			"EWIEGA46WW/moc_uploadimage.cpp",
			null
		],
		[
			"/home/vboxuser/Documents/M2SIA/Projet/image-library/UI_v9/Connection/user.h",
			"MU",
			"EWIEGA46WW/moc_user.cpp",
			null
		]
	],
	"HEADER_EXTENSIONS" : [ "h", "hh", "h++", "hm", "hpp", "hxx", "in", "txx" ],
	"INCLUDE_DIR" : "/home/vboxuser/Documents/M2SIA/Projet/image-library/UI_v9/Connection/Connection_autogen/include",
	"MOC_COMPILATION_FILE" : "/home/vboxuser/Documents/M2SIA/Projet/image-library/UI_v9/Connection/Connection_autogen/mocs_compilation.cpp",
	"MOC_DEFINITIONS" : 
	[
		"BOOST_ALL_NO_LIB",
		"BOOST_FILESYSTEM_DYN_LINK",
		"QT_CORE_LIB",
		"QT_GUI_LIB",
		"QT_NO_DEBUG",
		"QT_WIDGETS_LIB"
	],
	"MOC_DEPEND_FILTERS" : 
	[
		[
			"Q_PLUGIN_METADATA",
			"[\n][ \t]*Q_PLUGIN_METADATA[ \t]*\\([^\\)]*FILE[ \t]*\"([^\"]+)\""
		]
	],
	"MOC_INCLUDES" : 
	[
		"/home/vboxuser/Documents/M2SIA/Projet/image-library/UI_v9/Connection",
		"/usr/include/x86_64-linux-gnu/qt5",
		"/usr/include/x86_64-linux-gnu/qt5/QtWidgets",
		"/usr/include/x86_64-linux-gnu/qt5/QtGui",
		"/usr/include/x86_64-linux-gnu/qt5/QtCore",
		"/usr/lib/x86_64-linux-gnu/qt5/mkspecs/linux-g++",
		"/usr/local/include/opencv4",
		"/usr/include",
		"/usr/include/c++/11",
		"/usr/include/x86_64-linux-gnu/c++/11",
		"/usr/include/c++/11/backward",
		"/usr/lib/gcc/x86_64-linux-gnu/11/include",
		"/usr/local/include",
		"/usr/include/x86_64-linux-gnu"
	],
	"MOC_MACRO_NAMES" : [ "Q_OBJECT", "Q_GADGET", "Q_NAMESPACE", "Q_NAMESPACE_EXPORT" ],
	"MOC_OPTIONS" : [],
	"MOC_PATH_PREFIX" : false,
	"MOC_PREDEFS_CMD" : 
	[
		"/usr/bin/c++",
		"-dM",
		"-E",
		"-c",
		"/usr/share/cmake-3.22/Modules/CMakeCXXCompilerABI.cpp"
	],
	"MOC_PREDEFS_FILE" : "/home/vboxuser/Documents/M2SIA/Projet/image-library/UI_v9/Connection/Connection_autogen/moc_predefs.h",
	"MOC_RELAXED_MODE" : false,
	"MOC_SKIP" : [],
	"MULTI_CONFIG" : false,
	"PARALLEL" : 8,
	"PARSE_CACHE_FILE" : "/home/vboxuser/Documents/M2SIA/Projet/image-library/UI_v9/Connection/CMakeFiles/Connection_autogen.dir/ParseCache.txt",
	"QT_MOC_EXECUTABLE" : "/usr/lib/qt5/bin/moc",
	"QT_UIC_EXECUTABLE" : "/usr/lib/qt5/bin/uic",
	"QT_VERSION_MAJOR" : 5,
	"QT_VERSION_MINOR" : 15,
	"SETTINGS_FILE" : "/home/vboxuser/Documents/M2SIA/Projet/image-library/UI_v9/Connection/CMakeFiles/Connection_autogen.dir/AutogenUsed.txt",
	"SOURCES" : 
	[
		[
			"/home/vboxuser/Documents/M2SIA/Projet/image-library/UI_v9/Connection/data.cpp",
			"MU",
			null
		],
		[
			"/home/vboxuser/Documents/M2SIA/Projet/image-library/UI_v9/Connection/descripteur.cpp",
			"MU",
			null
		],
		[
			"/home/vboxuser/Documents/M2SIA/Projet/image-library/UI_v9/Connection/descripteur_view.cpp",
			"MU",
			null
		],
		[
			"/home/vboxuser/Documents/M2SIA/Projet/image-library/UI_v9/Connection/formmodification.cpp",
			"MU",
			null
		],
		[
			"/home/vboxuser/Documents/M2SIA/Projet/image-library/UI_v9/Connection/image.cpp",
			"MU",
			null
		],
		[
			"/home/vboxuser/Documents/M2SIA/Projet/image-library/UI_v9/Connection/imageeditor.cpp",
			"MU",
			null
		],
		[
			"/home/vboxuser/Documents/M2SIA/Projet/image-library/UI_v9/Connection/login.cpp",
			"MU",
			null
		],
		[
			"/home/vboxuser/Documents/M2SIA/Projet/image-library/UI_v9/Connection/main.cpp",
			"MU",
			null
		],
		[
			"/home/vboxuser/Documents/M2SIA/Projet/image-library/UI_v9/Connection/mainwindow.cpp",
			"MU",
			null
		],
		[
			"/home/vboxuser/Documents/M2SIA/Projet/image-library/UI_v9/Connection/uploadimage.cpp",
			"MU",
			null
		],
		[
			"/home/vboxuser/Documents/M2SIA/Projet/image-library/UI_v9/Connection/user.cpp",
			"MU",
			null
		]
	],
	"UIC_OPTIONS" : [],
	"UIC_SEARCH_PATHS" : [],
	"UIC_SKIP" : [],
	"UIC_UI_FILES" : [],
	"VERBOSITY" : 0
}
